x_vals,y_vals1,y_vals2
0.0,1.0,0.0
0.012578949563923095,0.9874217097294002,0.012421383036950437
0.02515789912784619,0.9748473420883815,0.024530286551098745
0.037736848691769284,0.9622807291648139,0.036330689725070885
0.05031579825569238,0.9497256054185028,0.04782656929000996
0.06289474781961547,0.9371856089396334,0.05902189834373614
0.07547369738353857,0.9246642827060665,0.06992064519940364
0.08805264694746166,0.9121650758391212,0.080526772264257
0.10063159651138476,0.8996913448574896,0.09084423494808938
0.11321054607530785,0.8872463549289369,0.1008769806010057
0.12578949563923095,0.8748332811194531,0.11062894748009498
0.13836844520315406,0.8624552096395266,0.1201040637446163
0.15094739476707714,0.8501151390872235,0.12930624647930383
0.16352634433100022,0.8378159816877635,0.13823940074539826
0.17610529389492333,0.8255605645292903,0.14690741865901127
0.18868424345884643,0.8133516307945474,0.15531417849643306
0.20126319302276952,0.8011918409881746,0.16346354382599257
0.2138421425866926,0.7890837741593492,0.17135936266608193
0.2264210921506157,0.7770299291195094,0.17900546666895875
0.2390000417145388,0.7650327256548974,0.18640567032994032
0.2515789912784619,0.7530945057336744,0.19356377022160628
0.264157940842385,0.7412175347073637,0.20048354425262813
0.2767368904063081,0.7294040025063889,0.20716875095084422
0.2893158399702312,0.7176560248294793,0.21362312877020354
0.3018947895341543,0.7059756443267229,0.21985039542120038
0.31447373909807735,0.694364831776056,0.22585424722442654
0.32705268866200043,0.6828254872529841,0.23163835848686798
0.33963163822592357,0.6713594412933365,0.23720638090057658
0.35221058778984665,0.6599684560488664,0.2425619429633482
0.36478953735376973,0.6486542264355095,0.24770864942104234
0.37736848691769287,0.637418381274128,0.2526500807311785
0.38994743648161595,0.6262624844235678,0.2573897925474502
0.40252638604553903,0.6151880359058682,0.2619313152247963
0.4151053356094621,0.6041964730234647,0.26627815334467486
0.4276842851733852,0.5932891714682369,0.2704337852601852
0.44026323473730833,0.5824674464222568,0.27440166266068755
0.4528421843012314,0.5717325536500981,0.27818521015557146
0.4654211338651545,0.5610856905825791,0.2817878248768286
0.4780000834290776,0.5505279973918074,0.28521287610008506
0.4905790329930007,0.5400605580574118,0.2884637048837545
0.5031579825569238,0.5296844014238448,0.2915436237259743
0.5157369321208469,0.5194005022486458,0.2944559162389899
0.52831588168477,0.5092097822415664,0.2972038368406554
0.5408948312486931,0.499113111094454,0.29979061046272226
0.5534737808126162,0.4891113075018072,0.3022194322755901
0.5660527303765392,0.47920514017191224,0.3044934674291955
0.5786316799404624,0.46939532882847923,0.30661585080972054
0.5912106295043854,0.4596825452027031,0.3085896868118028
0.6037895790683085,0.45006741401567346,0.31041804912593357
0.6163685286322317,0.4405505139510699,0.3121039805407327
0.6289474781961547,0.4311323786180782,0.3136504927597934
0.6415264277600778,0.4218134975044682,0.3150605662327908
0.6541053773240009,0.41259431691978427,0.316337150000554
0.666684326887924,0.40347524092859327,0.3174831615538024
0.6792632764518471,0.39445663227375144,0.31850148670525086
0.6918422260157702,0.3855388132896449,0.3193949794747924
0.7044211755796933,0.3767220668053699,0.3201664619874683
0.7170001251436164,0.3680066370378201,0.3208187243839401
0.7295790747075395,0.3593927304746525,0.32135452474318216
0.7421580242714626,0.35088051674710663,0.3217765890171129
0.7547369738353857,0.3424701294926586,0.32208761097689115
0.7673159233993088,0.3341616672074898,0.32229025217060214
0.7798948729632319,0.3259551940887601,0.32238714189206574
0.7924738225271549,0.317850740866673,0.3223808771604983
0.8050527720910781,0.30984830562632826,0.32227402271076644
0.8176317216550012,0.30194785461935747,0.32206911099397134
0.8302106712189242,0.29414932306534414,0.32176864218810763
0.8427896207828474,0.28645261594302995,0.3213750842185432
0.8553685703467704,0.27885760877131516,0.32089087278806877
0.8679475199106935,0.2713641483800623,0.32031841141627093
0.8805264694746167,0.2639720536707148,0.3196600714879843
0.8931054190385397,0.256681116366747,0.3189181923105822
0.9056843686024628,0.24949110175396289,0.3180950811798682
0.918263318166386,0.24240174941066484,0.31719301345433454
0.930842267730309,0.23541277392771548,0.3162142326375565
0.9434212172942321,0.22852386561851917,0.31516095046849346
0.9560001668581553,0.22173469121895137,0.31403534701947494
0.9685791164220783,0.2150448945772671,0.31283957080164604
0.9811580659860014,0.2084540973340213,0.31157573887765794
0.9937370155499244,0.20196189959203792,0.3102459369813858
1.0063159651138476,0.19556788057646415,0.30885221964446263
1.0188949146777706,0.18927159928495124,0.3073966103294204
1.0314738642416938,0.18307259512800247,0.3058811015692331
1.0440528138056169,0.17697038855953473,0.30430765511305796
1.05663176336954,0.17096448169769665,0.30267820207797635
1.0692107129334631,0.1650543589359943,0.30099464310653706
1.0817896624973862,0.15923948754477313,0.29925884852990975
1.0943686120613092,0.15351931826310672,0.29747265853645655
1.1069475616252324,0.14789328588114745,0.29563788334553553
1.1195265111891555,0.14236080981299343,0.2937563033863526
1.1321054607530785,0.13692129466012748,0.2918296694816784
1.1446844103170015,0.13157413076548755,0.2898597030362533
1.1572633598809248,0.12631869475822735,0.2878480962297053
1.1698423094448478,0.12115435008922898,0.2857965122138082
1.1824212590087708,0.11608044755742862,0.283706585313909
1.195000208572694,0.11109632582702078,0.2815799212343615
1.207579158136617,0.10620131193560509,0.2794180972677983
1.2201581077005401,0.10139472179334139,0.2772226625080842
1.2327370572644634,0.09667586067318182,0.2749951380667891
1.2453160068283864,0.09204402369224784,0.27273701729302985
1.2578949563923094,0.08749849628442073,0.2704497659965241
1.2704739059562327,0.0830385546642178,0.26813482267371
1.2830528555201557,0.0786634662820253,0.2657935987367833
1.2956318050840787,0.07437249027075937,0.26342747874550804
1.3082107546480017,0.07016487788403036,0.2610378206416598
1.320789704211925,0.06603987292588298,0.2586259559859626
1.333368653775848,0.061996712172188606,0.2561931901973838
1.345947603339771,0.05803462578376402,0.2537408027946525
1.3585265529036943,0.05415283771129447,0.25127004763987254
1.3711055024676173,0.05035056609213752,0.24878215318410066
1.3836844520315403,0.04662702363908462,0.24627832271476396
1.3962634015954636,0.04298141802116029,0.24375973460479522
1.4088423511593866,0.039412952236536625,0.2412275425633639
1.4214213007233096,0.035920824977642395,0.2386828758880855
1.4340002502872329,0.03250423098854735,0.23612683971859422
1.446579199851156,0.029162361414701538,0.23356051529136462
1.459158149415079,0.025894404145109743,0.23098496019567302
1.4717370989790022,0.02269954414702309,0.22840120863058888
1.4843160485429252,0.019576963793228583,0.2258102716628919
1.4968949981068482,0.016525843182017736,0.2232131374858093
1.5094739476707715,0.013545360449917155,0.2206107716784739
1.5220528972346945,0.01063469207726267,0.21800411746600307
1.5346318467986175,0.007793013186698869,0.21539409598010148
1.5472107963625406,0.005019497834687466,0.21278160652009434
1.5597897459264638,0.0023133192961063255,0.21016752681429784
1.5723686954903868,-0.00032634965797761014,0.2075527132816373
1.5849476450543099,-0.0029003364892794103,0.2049380012934246
1.597526594618233,-0.005409468627927542,0.20232420543520996
1.6101055441821561,-0.007854573214673147,0.1997121197686236
1.6226844937460791,-0.010236476849594693,0.1971025180931259
1.6352634433100024,-0.012556005347214417,0.1944961542075867
1.6478423928739254,-0.014813983497944154,0.19189376217161663
1.6604213424378484,-0.017011234835778245,0.18929605656657358
1.6730002920017717,-0.019148581412150163,0.1867037327561726
1.6855792415656947,-0.02122684357587077,0.1841174671466265
1.6981581911296177,-0.02324683975906623,0.1815379174462473
1.7107371406935408,-0.02520938626903269,0.1789657229244423
1.723316090257464,-0.02711529708592639,0.17640150467003682
1.735895039821387,-0.02896538366620698,0.17384586584886158
1.74847398938531,-0.030760454751753142,0.17129939196054067
1.7610529389492333,-0.03250131618456855,0.16876265109442143
1.7736318885131563,-0.034188770726997525,0.1662361941845863
1.7862108380770794,-0.035823617887369985,0.1637205552638903
1.7987897876410026,-0.037406653750994605,0.16121625171696893
1.8113687372049256,-0.03893867081642066,0.15872378453216315
1.8239476867688487,-0.040420457836888773,0.15624363855230905
1.836526636332772,-0.041852799666890934,0.1537762827243425
1.849105585896695,-0.04323647711376096,0.15132217034767073
1.861684535460618,-0.04457226679421701,0.14888173932126222
1.8742634850245412,-0.045860940995777554,0.1464554123894115
1.8868424345884642,-0.047103267542973226,0.14404359738613357
1.8994213841523873,-0.04830000966827743,0.14164668747814618
1.9120003337163105,-0.04945192588767834,0.13926506140639902
1.9245792832802335,-0.05055976988081624,0.1368990837261107
1.9371582328441566,-0.05162429037561017,0.1345491050452749
1.9497371824080796,-0.05264623103729826,0.13221546226159983
1.9623161319720028,-0.053626330361816875,0.1298984787978458
1.9748950815359259,-0.0545653215734441,0.12759846483552703
1.9874740310998489,-0.055463932526633626,0.12531571754694473
2.000052980663772,-0.05632288561196557,0.12305052132552187
2.012631930227695,-0.05714289766614124,0.1208031480144083
2.025210879791618,-0.05792467988594971,0.11857385713332844
2.037789829355541,-0.058668937746134374,0.11636289610364471
2.0503687789194642,-0.05937637092108799,0.11417050047160972
2.0629477284833877,-0.06004767321030597,0.11199689412978323
2.0755266780473107,-0.06068353246752744,0.10984228953659037
2.0881056276112337,-0.06128463053349512,0.10770688793399752
2.1006845771751568,-0.06185164317226443,0.10559087956328621
2.11326352673908,-0.062385240010994214,0.10349444387890382
2.125842476303003,-0.06288608448315093,0.10141774976037204
2.1384214258669263,-0.06335483377505959,0.09936095572223573
2.1510003754308493,-0.06379213877573466,0.09732421012203492
2.1635793249947723,-0.06419864402992555,0.09530765136628346
2.1761582745586954,-0.06457498769431096,0.09331140811444069
2.1887372241226184,-0.06492180149677818,0.09133559948086147
2.2013161736865414,-0.06523971069872274,0.08938033523471163
2.213895123250465,-0.06552933406030566,0.08744571599783721
2.226474072814388,-0.06579128380860555,0.08553183344057665
2.239053022378311,-0.06602616560860355,0.0836387704755051
2.251631971942234,-0.06623457853693968,0.08176660144910254
2.264210921506157,-0.06641711505838019,0.079915392331337
2.27678987107008,-0.06657436100493577,0.07808520090315525
2.289368820634003,-0.06670689555757131,0.07627607694187476
2.3019477701979265,-0.06681529123044853,0.07448806240447077
2.3145267197618495,-0.0669001138576435,0.07272119160875401
2.3271056693257726,-0.06696192258228169,0.07097549141243384
2.3396846188896956,-0.06700126984803396,0.06925098139006465
2.3522635684536186,-0.06701870139291732,0.06754767400787201
2.3648425180175416,-0.0670147562453454,0.06586557479645674
2.377421467581465,-0.06698996672237367,0.06420468252137566
2.390000417145388,-0.06694485843008564,0.06256498935159893
2.402579366709311,-0.06687995026606676,0.06094648102584305
2.415158316273234,-0.06679575442391314,0.05934913701678139
2.427737265837157,-0.06669277639972336,0.05777293069313323
2.4403162154010802,-0.06657151500052204,0.05621782947963312
2.4528951649650033,-0.06643246235456439,0.054683795014883664
2.4654741145289267,-0.06627610392347193,0.05317078330709459
2.4780530640928498,-0.06610291851615017,0.05167874488771263
2.490632013656773,-0.06591337830443936,0.0502076249629453
2.503210963220696,-0.06570794884045059,0.048757363563185115
2.515789912784619,-0.06548708907553986,0.04732789569033864
2.528368862348542,-0.06525125138087363,0.04591915146306672
2.5409478119124653,-0.06500088156953962,0.04453105625994243
2.5535267614763884,-0.06473641892015781,0.043163530860533775
2.5661057110403114,-0.06445829620194685,0.04181649158441823
2.5786846606042344,-0.06416693970120195,0.040489850428137755
2.5912636101681574,-0.0638627692491409,0.039183515200101944
2.6038425597320805,-0.0635461982510755,0.03789738965344865
2.6164215092960035,-0.06321763371686645,0.036631373616870966
2.629000458859927,-0.06287747629262005,0.035385363123420305
2.64157940842385,-0.06252612029358631,0.03415925053729596
2.654158357987773,-0.062163953738218064,0.03295292467863064
2.666737307551696,-0.06179135838335167,0.031766270946283946
2.679316257115619,-0.06140870976047056,0.030599171438653986
2.691895206679542,-0.061016377213013194,0.02945150507251904
2.7044741562434655,-0.06061472393468795,0.028323147699920934
2.7170531058073886,-0.06020410700875801,0.027213972223102494
2.7296320553713116,-0.0597848774482597,0.026123848707510944
2.7422110049352346,-0.059357380237118604,0.02505264449288068
2.7547899544991576,-0.05892195437212839,0.02400022430240793
2.7673689040630807,-0.05847893290575766,0.022966450350030823
2.779947853627004,-0.058028642989750946,0.02195118244582825
2.792526803190927,-0.057571405919490476,0.02095427809955159
2.80510575275485,-0.05710753717908592,0.019975592622302817
2.817684702318773,-0.05663734648716002,0.01901497922637393
2.8302636518826962,-0.056161137843298445,0.01807228912326169
2.8428426014466193,-0.05567920957513283,0.017147371619872526
2.8554215510105423,-0.05519185438602662,0.016240074212932568
2.8680005005744658,-0.05469935940333383,0.015350242681617764
2.880579450138389,-0.054202006227201366,0.014477721178419606
2.893158399702312,-0.0537000709798861,0.0136223523182614
2.905737349266235,-0.0531938243555587,0.012783977265881345
2.918316298830158,-0.052683531670566365,0.011962435821497688
2.930895248394081,-0.05216945291412742,0.011157566504772062
2.9434741979580044,-0.05165184279943114,0.010369206637086967
2.9560531475219274,-0.051130950815117066,0.009597192422153778
2.9686320970858504,-0.050607021277107665,0.008841359024967093
2.9812110466497734,-0.0500802933807701,0.008101540649122416
2.9937899962136965,-0.04955100125338216,0.007377570612513298
3.0063689457776195,-0.04901937400687845,0.006669281421424592
3.018947895341543,-0.04848563579085356,0.005976504843038607
3.031526844905466,-0.0479500058457992,0.005299071976370961
3.044105794469389,-0.04741269855655267,0.004636813321652686
3.056684744033312,-0.046873923505934986,0.00398955884817595
3.069263693597235,-0.0463338855285571,0.0033571380606200246
3.081842643161158,-0.04579278476477306,0.0027393800638746487
3.094421592725081,-0.04525081671475983,0.0021361136263778687
3.1070005422890046,-0.044708172292703546,0.0015471672419854158
3.1195794918529276,-0.04416503788107287,0.0009723691903889176
3.1321584414168506,-0.043621595384959855,0.000411547596099789
3.1447373909807737,-0.04307802228647027,-0.0001354695139835746
3.1573163405446967,-0.04253449169914467,-0.0006688541544084041
3.1698952901086197,-0.041991172422392656,-0.0011887783263826205
3.182474239672543,-0.041448228995922966,-0.0016954139643551665
3.195053189236466,-0.04090582175415251,-0.002188932883944271
3.207632138800389,-0.040364106880577726,-0.0026695067311967046
3.2202110883643122,-0.0398232364620924,-0.0031373069331604524
3.2327900379282353,-0.03928335854323621,-0.0035925046497538938
3.2453689874921583,-0.03874461718035872,-0.004035270726914205
3.2579479370560813,-0.03820715249568411,-0.004465775651007867
3.270526886620005,-0.037671100731262064,-0.004884189504486197
3.283105836183928,-0.03713659430279098,-0.005290681922768701
3.295684785747851,-0.036603761853299596,-0.005685422052337497
3.308263735311774,-0.03607272830667409,-0.006068578510025474
3.320842684875697,-0.03554361492101743,-0.006440319343481492
3.33342163443962,-0.0350165393418288,-0.006800811992795646
3.3460005840035434,-0.034491615654990586,-0.007150223253267798
3.3585795335674664,-0.0339689544395516,-0.007488719239302516
3.3711584831313894,-0.03344866282029459,-0.00781646534941393
3.3837374326953125,-0.03293084452007739,-0.008133626232323598
3.3963163822592355,-0.0324155999119368,-0.00844036575413501
3.4088953318231585,-0.031903026070944765,-0.00873684696656817
3.4214742813870815,-0.03139321682580695,-0.009023232076237887
3.434053230951005,-0.030886262810193816,-0.009299682414959376
3.446632180514928,-0.03038225151379497,-0.009566358411064959
3.459211130078851,-0.02988126733308751,-0.009823419561715804
3.471790079642774,-0.0293833916218098,-0.010071024406192447
3.484369029206697,-0.028888702741132182,-0.010309330500148286
3.49694797877062,-0.028397276109516294,-0.010538494390810074
3.5095269283345436,-0.027909184252255415,-0.01075867159310973
3.5221058778984666,-0.027424496850688124,-0.010970016566731628
3.5346848274623897,-0.026943280791077957,-0.011172682694060026
3.5472637770263127,-0.026465600213152286,-0.011366822259010922
3.5598427265902357,-0.0259915165582935,-0.011552586426733128
3.5724216761541587,-0.025521088617376262,-0.011730125224163291
3.585000625718082,-0.025054372578244468,-0.011899587521419674
3.5975795752820052,-0.024591422072822288,-0.012061121014019694
3.6101585248459283,-0.02413228822385335,-0.012214872205906366
3.6227374744098513,-0.02367701969126299,-0.012360986393268767
3.6353164239737743,-0.02322566271813826,-0.012499607649141894
3.6478953735376973,-0.022778261176320886,-0.012630878808771394
3.6604743231016204,-0.02233485661160854,-0.012754941455728678
3.673053272665544,-0.021895488288560007,-0.012871935908762176
3.685632222229467,-0.021460193234900178,-0.012982001209370476
3.69821117179339,-0.0210290062855207,-0.013085275110083405
3.710790121357313,-0.02060196012607294,-0.013181894063437012
3.723369070921236,-0.02017908533614942,-0.013271993211628738
3.735948020485159,-0.019760410432050686,-0.013355706376839064
3.7485269700490824,-0.019345961909134395,-0.01343316605220614
3.7611059196130054,-0.018935764283743932,-0.013504503393439934
3.7736848691769285,-0.01852984013471363,-0.013569848211062737
3.7862638187408515,-0.01812821014444851,-0.013629328963262747
3.7988427683047745,-0.01773089313957592,-0.013683072749347864
3.8114217178686975,-0.017337906131167244,-0.013731205303786742
3.824000667432621,-0.016949264354527663,-0.013773850990824437
3.836579616996544,-0.016564981308552378,-0.013811132799659977
3.849158566560467,-0.01618506879464758,-0.013843172340173506
3.86173751612439,-0.01580953695521507,-0.01387008983919058
3.874316465688313,-0.015438394311699105,-0.013892004137271496
3.886895415252236,-0.015071647802194629,-0.013909032686013616
3.899474364816159,-0.014709302818615945,-0.013921291545854746
3.9120533143800826,-0.014351363243425109,-0.013928895384365862
3.9246322639440057,-0.013997831485919677,-0.01393195747502149
3.9372112135079287,-0.013648708518079092,-0.01393058969643631
3.9497901630718517,-0.01330399390996986,-0.013924902532056657
3.9623691126357747,-0.012963685864709093,-0.013915005070295632
3.9749480621996978,-0.012627781252986666,-0.013901005005100837
3.9875270117636212,-0.01229627564714603,-0.013883008636943792
4.000105961327544,-0.011969163354824152,-0.013861120874220194
4.012684910891467,-0.011646437452150792,-0.013835445235050486
4.02526386045539,-0.011328089816507944,-0.013806083849470087
4.037842810019313,-0.011014111158849964,-0.01377313746199904
4.050421759583236,-0.010704491055585238,-0.013736705434580769
4.063000709147159,-0.010399217980020364,-0.013696885749879921
4.075579658711082,-0.010098279333367823,-0.013653775014929266
4.088158608275005,-0.009801661475318349,-0.013607468465115909
4.1007375578389285,-0.00950934975417921,-0.013558059968497101
4.113316507402852,-0.009221328536579823,-0.013505642030436131
4.125895456966775,-0.008937581236746176,-0.013450305798548915
4.138474406530698,-0.008658090345345426,-0.013392141067951922
4.1510533560946214,-0.008382837457902694,-0.013331236286802464
4.1636323056585445,-0.008111803302791471,-0.013267678562122215
4.1762112552224675,-0.007844967768799697,-0.013201553665895201
4.1887902047863905,-0.007582309932273296,-0.013132946041431465
4.2013691543503136,-0.00732380808383929,-0.013061938809987857
4.213948103914237,-0.007069439754710528,-0.0129886137776375
4.22652705347816,-0.006819181742574215,-0.01291305144237957
4.239106003042083,-0.006573010137066503,-0.012835331001481229
4.251684952606006,-0.006330900344835445,-0.012755530359043633
4.264263902169929,-0.006092827114194736,-0.012673726133784098
4.276842851733853,-0.005858764559370657,-0.012589993667026603
4.289421801297776,-0.005628686184344874,-0.012504407030892983
4.302000750861699,-0.005402564906295413,-0.012417039036687222
4.314579700425622,-0.005180373078638818,-0.012327961243465486
4.327158649989545,-0.004962082513675936,-0.012237243966784554
4.339737599553468,-0.004747664504844212,-0.012144956287621514
4.352316549117391,-0.004537089848579294,-0.01205116606145767
4.364895498681314,-0.00433032886578881,-0.011955939927519721
4.377474448245237,-0.00412735142294127,-0.01185934331817145
4.39005339780916,-0.003928126952773038,-0.011761440468449251
4.402632347373083,-0.003732624474616395,-0.011662294425734883
4.415211296937006,-0.0035408126143517816,-0.011561967059559098
4.42779024650093,-0.0033526596239872647,-0.011460519071529774
4.440369196064853,-0.0031681334008684873,-0.011358010005378394
4.452948145628776,-0.002987201506522062,-0.011254498257118713
4.465527095192699,-0.002809831185135893,-0.011150041085311783
4.478106044756622,-0.0026359893816794797,-0.011044694621431362
4.490684994320545,-0.0024656427596675525,-0.010938513880324041
4.503263943884468,-0.002298757718570348,-0.010831552770758457
4.515842893448391,-0.002135300410873857,-0.010723864106058047
4.528421843012314,-0.001975236758793405,-0.010615499614812007
4.541000792576237,-0.001818532470643964,-0.0105065099516591
4.55357974214016,-0.001665153056870605,-0.01039694470813919
4.566158691704083,-0.0015150638457425193,-0.01028685242360738
4.578737641268006,-0.0013682299987140703,-0.010176280596205827
4.59131659083193,-0.001224616525456334,-0.010065275693888345
4.603895540395853,-0.0010841882985626777,-0.00995388316549308
4.616474489959776,-0.0009469100679317273,-0.0098421474518585
4.629053439523699,-0.0008127464748314494,-0.009730111996978305
4.641632389087622,-0.0006816620656477192,-0.00961781925919068
4.654211338651545,-0.00055362130532098,-0.009505310722397586
4.666790288215468,-0.0004285885904745326,-0.009392626907309834
4.679369237779391,-0.00030652826223801475,-0.0092798073827138
4.691948187343314,-0.0001874046187696346,-0.009166890776755681
4.704527136907237,-7.118192748072924e-05,-0.009053914788239395
4.71710608647116,4.217556303377508e-05,-0.008940916197934193
4.729685036035083,0.00015270361135542488,-0.00882793087988823
4.742263985599006,0.00026043797188924153,-0.008714993812744435
4.75484293516293,0.0003654143837940908,-0.008602139091055044
4.767421884726853,0.0004676685601927953,-0.008489399936591363
4.780000834290776,0.0005672361776585204,-0.008376808709645214
4.792579783854699,0.0006641528659737112,-0.008264396920318898
4.805158733418622,0.0007584541981581174,-0.00815219523980033
4.817737682982545,0.0008501756807622932,-0.008040233511620216
4.830316632546468,0.0009393527444230195,-0.007928540762888204
4.842895582110391,0.0010260207346770916,-0.007817145215505028
4.855474531674314,0.001110214903029921,-0.007706074297347699
4.8680534812382374,0.001191970398275419,-0.007595354653424987
4.8806324308021605,0.0012713222580636237,-0.007485012157000373
4.8932113803660835,0.001348305400712557,-0.007375071920679847
4.9057903299300065,0.001422954617260799,-0.0072655583074619475
4.91836927949393,0.0014953045637572894,-0.007156494941747523
4.9309482290578535,0.0015653897537848418,-0.007047904720306816
4.9435271786217765,0.0016332445512139751,-0.006939809823201388
4.9561061281856995,0.0016989031631835059,-0.006832231724658762
4.9686850777496225,0.0017623996333045347,-0.006725191203897416
4.981264027313546,0.001823767835084371,-0.006618708355900054
4.993842976877469,0.0018830414655669953,-0.006512802602133047
5.006421926441392,0.0019402540391866598,-0.0064074927012100335
5.019000876005315,0.0019954388818312608,-0.0063027967594977375
5.031579825569238,0.002048629125112117,-0.0061987322416621315
5.044158775133161,0.002099857700836832,-0.00609531598115311
5.056737724697084,0.0021491573356819,-0.0059925641906259566
5.069316674261007,0.002196560546061782,-0.005890492472297886
5.081895623824931,0.002242099633191158,-0.005789115828238048
5.094474573388854,0.0022858066783370914,-0.005688448670589474
5.107053522952777,0.0023277135382579156,-0.005588504831721348
5.1196324725167,0.0023678518408255618,-0.005489297574310312
5.132211422080623,0.002406252980828195,-0.0053908396013492964
5.144790371644546,0.002442948115949963,-0.005293143066082611
5.157369321208469,0.00247796816292472,-0.005196219581866002
5.169948270772392,0.002511343793860608,-0.0051000802319504605
5.182527220336315,0.002543105432732396,-0.00500473557918863
5.195106169900238,0.002573283252038504,-0.0049101956756626795
5.207685119464161,0.0026019071696196747,-0.004816470072232612
5.220264069028084,0.002629006845636254,-0.004723567828003982
5.232843018592007,0.0026546116797011004,-0.004631497519714069
5.245421968155931,0.0026787508081651517,-0.004540267251035607
5.258000917719854,0.002701453101552682,-0.004449884661797225
5.270579867283777,0.0027227471621433744,-0.004360356937119706
5.2831588168477,0.0027426613216982713,-0.0042716908164674395
5.295737766411623,0.0027612236393267696,-0.004183892602614214
5.308316715975546,0.0027784618994918103,-0.0040969681705227586
5.320895665539469,0.002794403610150458,-0.004010922976137355
5.333474615103392,0.0028090760010270805,-0.003925762065088967
5.346053564667315,0.0028225060220163863,-0.003841490081312307
5.358632514231238,0.0028347203417135747,-0.0037581112755743673
5.371211463795161,0.0028457453460689194,-0.00367562951391392
5.383790413359084,0.0028556071371641013,-0.003594048285991587
5.396369362923008,0.002864331532107652,-0.0035133707133500635
5.408948312486931,0.002871944062046895,-0.0034335995575841983
5.421527262050854,0.002878469971293801,-0.0033547372284205225
5.434106211614777,0.002883934216562192,-0.0032767857917060626
5.4466851611787,0.002888361466313776,-0.0031997469773061204
5.459264110742623,0.0028917761002105096,-0.0031236221869108396
5.471843060306546,0.002894202208670816,-0.003048412501750377
5.484422009870469,0.002895663592527213,-0.0029741186902185472
5.497000959434392,0.0028961837627829567,-0.0029007412154048308
5.509579908998315,0.0028957859404652874,-0.0028282802425346537
5.522158858562238,0.0028944930565729557,-0.0027567356463179156
5.534737808126161,0.0028923277521156754,-0.002686107018205734
5.547316757690084,0.0028893123782432278,-0.002616393673555417
5.559895707254008,0.0028854689964619338,-0.0025475946587037107
5.572474656817931,0.002880819378936267,-0.0024797087579484078
5.585053606381854,0.0028753850088733958,-0.002412734500438348
5.597632555945777,0.0028691870809884655,-0.0023466701669720225
5.6102115055097,0.002862246502048482,-0.002281513796704865
5.622790455073623,0.002854583891492666,-0.002217263193765418
5.635369404637546,0.0028462195821271855,-0.002153915933780581
5.6479483542014695,0.002837173620892204,-0.0020914693703101487
5.6605273037653925,0.0028274657696992053,-0.0020299206411908857
5.6731062533293155,0.0028171155063365884,-0.0019692666747904057
5.6856852028932385,0.002806142025441553,-0.0019095041961711345
5.698264152457162,0.0027945642395363264,-0.0018506297331646728
5.710843102021085,0.002782400780126808,-0.0017926396223568802
5.7234220515850085,0.0027696699988617388,-0.0017355300149840289
5.7360010011489315,0.002756389968750525,-0.0016792968827404101
5.7485799507128545,0.0027425784854378872,-0.0016239360234977299
5.761158900276778,0.002728253068533516,-0.0015694430669367693
5.773737849840701,0.002713430962994955,-0.0015158134800916684
5.786316799404624,0.002698129140561963,-0.0014630425728073063
5.798895748968547,0.002682364301240616,-0.0014111255031102133
5.81147469853247,0.002666152874835459,-0.0013600572824934956
5.824053648096393,0.00264951102252803,-0.001309832781116252
5.836632597660316,0.0026324546385001184,-0.001260446732917982
5.849211547224239,0.0026149993516001247,-0.001211893740648504
5.861790496788162,0.002597160527050946,-0.0011641682808139024
5.874369446352085,0.002578953268197813,-0.0011172647085390525
5.886948395916009,0.0025603924182945386,-0.0010711772623472682
5.899527345479932,0.0025414925623266746,-0.001025900068857658
5.912106295043855,0.002522268028870074,-0.0009814271474007181
5.924685244607778,0.002502732891983419,-0.0009377524145528163
5.937264194171701,0.0024829009731332607,-0.0008948696885901149
5.949843143735624,0.0024627858431501702,-0.0008527726938625623
5.962422093299547,0.0024424008242146227,-0.0008114550650885707
5.97500104286347,0.0024217589918712383,-0.0007709103515710051
5.987579992427393,0.002400873177070061,-0.0007311320213351238
6.000158941991316,0.0023797559682335605,-0.0006921134651891131
6.012737891555239,0.0023584197133480716,-0.0006538480007078761
6.025316841119162,0.002336876522078412,-0.00061632887614073
6.037895790683086,0.0023151382679044356,-0.0005795492742436847
6.050474740247009,0.0022932165902783282,-0.0005435023160369895
6.063053689810932,0.002271122896801418,-0.0005081810644885968
6.075632639374855,0.0022488683654193825,-0.0004735785281242781
6.088211588938778,0.0022264639466346753,-0.000439687664565053
6.100790538502701,0.002203920365735064,-0.00040650138399264213
6.113369488066624,0.0021812481250371857,-0.00037401255254365125
6.125948437630547,0.0021584575061440394,-0.00034221399563319266
6.13852738719447,0.0021355585722153698,-0.0003110985012086609
6.151106336758393,0.0021125611702499116,-0.0002806588229343799
6.163685286322316,0.0020894749333784787,-0.00025088768330784416
6.176264235886239,0.002066309283166922,-0.0002217777767082794
6.188843185450162,0.0020430734319279906,-0.00019332177237825176
6.201422135014086,0.002019776385041141,-0.00016551231733905506
6.214001084578009,0.0019964269432793925,-0.00013834203924062186
6.226580034141932,0.001973033705142299,-0.00011180354914666529
6.239158983705855,0.0019496050691941839,-8.588944425582942e-05
6.251737933269778,0.0019261492364067594,-6.0592310559558015e-05
6.264316882833701,0.0019026742125052955,-3.590472543743575e-05
6.276895832397624,0.0018791878103175143,-1.181926019074132e-05
6.289474781961547,0.0018556976521244106,1.1671517485043447e-05
6.30205373152547,0.0018322111720122155,3.457504108802497e-05
6.314632681089393,0.0018087356182247378,5.6898742957245384e-05
6.327211630653316,0.0017852780555153416,7.865005197884161e-05
6.339790580217239,0.0017618453674978327,9.983639135027201e-05
6.352369529781162,0.001738444258995545,0.00012046517640186625
6.364948479345086,0.0017150812583879387,0.000140543812474957
6.377527428909009,0.001691762719954045,0.00016007969285584172
6.390106378472932,0.0016684948262120844,0.0001790801967648547
6.402685328036855,0.0016452835902546464,0.0001975526873997805
6.415264277600778,0.0016221348580787976,0.0002155045100328909
6.4278432271647015,0.0015990543109105158,0.00023294299016085972
6.4404221767286245,0.0015760474675228689,0.00024987543170682127
6.4530011262925475,0.001553119686547369,0.0002663091152738386
6.4655800758564705,0.001530276168777946,0.0002822512964490509
6.478159025420394,0.0015075219594670064,0.0002977092041577694
6.490737974984317,0.001484861950613058,0.00031269003906679745
6.50331692454824,0.0014623008832393904,0.00032720097203624824
6.515895874112163,0.0014398433496633266,0.0003412491426191412
6.528474823676087,0.0014174937957555638,0.0003548416576080592
6.54105377324001,0.0013952565231891603,0.0003679855896281449
6.553632722803933,0.00137313569167769,0.00038068797577574053
6.566211672367856,0.0013511353212021758,0.00039295581630194266
6.578790621931779,0.0013292592942263511,0.0004047960733403816
6.591369571495702,0.0013075113578998653,0.0004162156696785192
6.603948521059625,0.0012858951262490373,0.0004272214875717681
6.616527470623548,0.0012644140823547829,0.00043782036759973993
6.629106420187471,0.0012430715805173559,0.00044801910756393266
6.641685369751394,0.0012218708484075511,0.0004578244614261719
6.654264319315317,0.0012008149892040372,0.0004672431382871263
6.66684326887924,0.0011799069837164907,0.0004762818014042196
6.679422218443163,0.0011591496924942266,0.00048494706724826864
6.692001168007087,0.0011385458579200199,0.0004932455045981786
6.70458011757101,0.0011180981062888452,0.000501183633673032
6.717159067134933,0.001097808949871233,0.0005087679253009214
6.729738016698856,0.0010776807889610132,0.0005160048001238585
6.742316966262779,0.0010577159139071692,0.0005229006278381255
6.754895915826702,0.0010379165071295732,0.0005294617264694178
6.767474865390625,0.0010182846451183688,0.0005356943616821428
6.780053814954548,0.000998822300416787,0.0005416047461222415
6.792632764518471,0.000979531343587182,0.0005471990387929062
6.805211714082394,0.0009604135451600942,0.0005524833444625711
6.817790663646317,0.0009414705775661499,0.0005574637131045582
6.83036961321024,0.0009227040170506214,0.0005621461393677707
6.842948562774163,0.0009041153455704806,0.0005665365620778246
6.855527512338087,0.0008857059526737846,0.000570640863768018
6.86810646190201,0.000867477137361257,0.0005744648702395464
6.880685411465933,0.000849430109929901,0.0005780143501503725
6.893264361029856,0.0008315659937985434,0.0005812950146321671
6.905843310593779,0.00081388582731517,0.0005843125169347453
6.918422260157702,0.0007963905655459417,0.0005870724520974224
6.931001209721625,0.000779081082045794,0.0005895803566467281
6.943580159285548,0.0007619581706105184,0.0005918417083199144
6.956159108849471,0.0007450225470102395,0.0005938619258137063
6.968738058413394,0.0007282748507042103,0.0005956463685577427
6.981317007977317,0.0007117156465368508,0.0005972003365121697
6.99389595754124,0.0006953454264149695,0.0005985290699888449
7.006474907105164,0.0006791646109661058,0.000599637749495625
7.019053856669087,0.0006631735511779554,0.0006005314956032114
7.03163280623301,0.0006473725300188144,0.000601215368834033
7.044211755796933,0.0006317617640390365,0.0006016943695726562
7.056790705360856,0.0006163414049534491,0.0006019734379972142
7.069369654924779,0.0006011115412047221,0.0006020574540313534
7.081948604488702,0.0005860721995076671,0.0006019512373162042
7.094527554052625,0.0005712233463744601,0.0006016595472018871
7.107106503616548,0.0005565648896207861,0.00060118708275807
7.119685453180471,0.0005420966798529069,0.0006005384828031017
7.132264402744394,0.0005278185119356624,0.0005997183259512509
7.1448433523083175,0.0005137301264414205,0.000598731130677584
7.1574223018722405,0.0004998312110799958,0.0005975813554000269
7.170001251436164,0.0004861214021095616,0.0005962733985781543
7.182580201000087,0.0004726002857285932,0.0005948115988282636
7.1951591505640105,0.0004592673994488639,0.0005932002350542894
7.2077381001279335,0.0004461222334495544,0.000591443526594127
7.2203170496918565,0.00043316423191250725,0.0005895456333809356
7.2328959992557795,0.00042039279433868436,0.0005875106561189974
7.2454749488197026,0.0004078072768458798,0.0005853426364737169
7.258053898383626,0.00039540699344775115,0.0005830455572753508
7.270632847947549,0.00038319121731423086,0.0005806233427360613
7.283211797511472,0.0003711591820133889,0.0005780798586798966
7.295790747075395,0.00035931008273481704,0.0005754189127853031
7.308369696639318,0.00034764307749461366,0.0005726442548397843
7.320948646203241,0.0003361572883220478,0.000569759577006323
7.333527595767165,0.0003248518024279883,0.000566768514101194
7.346106545331088,0.00031372567335518747,0.0005636746438827945
7.358685494895011,0.0003027779221105018,0.0005604814873511299
7.371264444458934,0.0002920075382791588,0.0005571925090575964
7.383843394022857,0.00028141348112115653,0.0005538111174247086
7.39642234358678,0.0002709946806499009,0.000550340665075423
7.409001293150703,0.00026075003869318616,0.0005467844491717179
7.421580242714626,0.00025067842993662336,0.0005431457117620938
7.434159192278549,0.00024077870294962833,0.0005394276401376629
7.446738141842472,0.0002310496811940813,0.0005356333671965043
7.459317091406395,0.0002214901640157734,0.000531765971815965
7.471896040970318,0.00021209892761875804,0.0005278284792325931
7.484474990534241,0.00020287472602272734,0.0005238238614293953
7.497053940098165,0.00019381629200353553,0.0005197550375301144
7.509632889662088,0.0001849223380169977,0.0005156248742002316
7.522211839226011,0.00017619155710608153,0.0005114361860543972
7.534790788789934,0.00016762262379163364,0.000507191736070008
7.547369738353857,0.00015921419494676156,0.0005028942360066446
7.55994868791778,0.00015096491065500828,0.000498546346831095
7.572527637481703,0.00014287339505245314,0.0004941506791476913
7.585106587045626,0.00013493825715387467,0.0004897097936336938
7.597685536609549,0.0001271580916631144,0.00048522620147946056
7.610264486173472,0.00011953147976777937,0.0004807023648331466
7.622843435737395,0.00011205698991842558,0.0004761406972496807
7.635422385301318,0.00010473317859236305,0.0004715435641437729
7.648001334865242,9.755859104222669e-05,0.0004669132832467122
7.660580284429165,9.053176202945931e-05,0.0004622521250667171
7.673159233993088,8.365121654284595e-05,0.00045756231335260434
7.685738183557011,7.691547050225545e-05,0.0004528460255605538
7.698317133120934,7.032303144773008e-05,0.00044810539332374154
7.710896082684857,6.387239921407452e-05,0.00044334250292462604
7.72347503224878,5.7562066591093204e-05,0.000438559395769673
7.736053981812703,5.1390519969626235e-05,0.00043375806886630975
7.748632931376626,4.53562399735349e-05,0.00042894047530190525
7.761211880940549,3.945770207778829e-05,0.00042410852472457604
7.773790830504472,3.369337721280313e-05,0.0004192640838256207
7.786369780068395,2.806173235518959e-05,0.0004144089768233937
7.798948729632318,2.2561231105056068e-05,0.00040954498594843105
7.811527679196242,1.71903342500263e-05,0.0004046738519296437
7.824106628760165,1.1947500316124595e-05,0.0003997972744814038
7.836685578324088,6.831186105678e-06,0.00039491691279134277
7.849264527888011,1.8398472223971015e-06,0.00039003438600869955
7.861843477451934,-3.0280614162155797e-06,0.0003851512737330459
7.874422427015857,-7.774085078972703e-06,0.00038026911650323027
7.88700137657978,-1.2399768733470376e-05,0.00037538941628638043
7.899580326143703,-1.6906656570762826e-05,0.0003705136369668113
7.9121592757076264,-2.1296291542088767e-05,0.0003656432048346876
7.9247382252715495,-2.557021490749482e-05,0.00036077950907429377
7.9373171748354725,-2.9729965796201446e-05,0.0003559239022517697
7.9498961243993955,-3.377708077855714e-05,0.00035107770080217236
7.9624750739633186,-3.77130934494266e-05,0.0003462421855157274
7.9750540235272425,-4.153953402285941e-05,0.00034141860202313985
7.9876329730911655,-4.5257928937883976e-05,0.0003366081612798361
8.000211922655089,-4.886980047527751e-05,0.000331812040049009
8.01279087221901,-5.2376666385153596e-05,0.0003270313813833503
8.025369821782935,-5.5780039525220605e-05,0.00032226729510534646
8.037948771346857,-5.908142750955207e-05,0.0003175208582860318
8.05052772091078,-6.228233236772779e-05,0.00031279311572207386
8.063106670474705,-6.538425021418178e-05,0.00030808508041110176
8.075685620038627,-6.838867092761804e-05,0.00030339773402515615
8.08826456960255,-7.129707784033939e-05,0.0002987320273821653
8.100843519166473,-7.411094743733649e-05,0.0002940888809153579
8.113422468730397,-7.683174906499846e-05,0.00028946918514049803
8.126001418294319,-7.946094464928488e-05,0.00028487380112087195
8.138580367858243,-8.199998842322467e-05,0.0002803035609299176
8.151159317422165,-8.445032666358304e-05,0.00027575926811142834
8.163738266986089,-8.681339743656282e-05,0.0002712416981372304
8.17631721655001,-8.909063035238406e-05,0.0002667515988622717
8.188896166113935,-9.128344632860846e-05,0.0002622896909770249
8.201475115677857,-9.339325736205534e-05,0.00025785666845714976
8.21405406524178,-9.542146630917691e-05,0.0002534531990103231
8.226633014805705,-9.736946667474161e-05,0.00024907992452018516
8.239211964369627,-9.923864240869303e-05,0.00024473746148732104
8.25179091393355,-0.00010103036771104128,0.00024042640146721816
8.264369863497473,-0.00010274600684464617,0.00023614731150514525
8.276948813061397,-0.00010438691395576075,0.00023190073456787704
8.289527762625319,-0.00010595443290219075,0.00022768718997222764
8.302106712189243,-0.00010744989708894224,0.00022350717381031853
8.314685661753165,-0.0001088746293112156,0.00021936115937154865
8.327264611317089,-0.00011022994160461881,0.00021524959756119715
8.339843560881011,-0.00011151713510246162,0.0002111729173156313
8.352422510444935,-0.00011273749990000498,0.00020713152601405468
8.365001460008857,-0.00011389231492552956,0.0002031258098867718
8.377580409572781,-0.00011498284781810013,0.0001991561344199101
8.390159359136705,-0.00011601035481189203,0.00019522284475657765
8.402738308700627,-0.00011697608062695729,0.00019132626609440646
8.415317258264551,-0.00011788125836630252,0.00018746670407945211
8.427896207828473,-0.00011872710941915306,0.00018364444519642286
8.440475157392397,-0.0001195148433702828,0.0001798597571551936
8.45305410695632,-0.00012024565791528361,0.00017611288927359283
8.465633056520243,-0.00012092073878165731,0.00017240407285641952
8.478212006084165,-0.00012154125965560613,0.00016873352157068013
8.49079095564809,-0.00012210838211440658,0.00016510143181700768
8.503369905212011,-0.00012262325556424623,0.00016150798309725665
8.515948854775935,-0.0001230870171834096,0.00015795333837823866
8.528527804339857,-0.0001235007918706955,0.00015443764445159636
8.541106753903781,-0.00012386569219895464,0.00015096103228978366
8.553685703467705,-0.0001241828183736323,0.00014752361739815296
8.566264653031627,-0.00012445325819620653,0.00014412550016312342
8.578843602595551,-0.000124678087032411,0.00014076676619642452
8.591422552159473,-0.00012485836778513285,0.00013744748667540867
8.604001501723397,-0.00012499515087187958,0.0001341677186794132
8.61658045128732,-0.00012508947420670645,0.0001309275055221786
8.629159400851243,-0.00012514236318650126,0.00012772687708030266
8.641738350415165,-0.00012515483068152057,0.00012456585011774094
8.65431729997909,-0.0001251278770300765,0.00012144442860633595
8.666896249543012,-0.00012506249003727115,0.00011836260404238756
8.679475199106935,-0.00012495964497767975,0.0001153203557592504
8.692054148670858,-0.00012482030460188244,0.00011231765123597285
8.704633098234781,-0.00012464541914674793,0.00010935444640196582
8.717212047798705,-0.00012443592634937204,0.00010643068593771797
8.729790997362628,-0.00012419275146457646,0.00010354630357155124
8.742369946926551,-0.00012391680728587314,0.00010070122237242615
8.754948896490474,-0.0001236089941698025,9.789535503880797e-05
8.767527846054398,-0.00012327020006355316,9.512860418359098e-05
8.78010679561832,-0.00012290130053577375,9.24008626151021e-05
8.792685745182244,-0.00012250315881048737,8.971201361418114e-05
8.805264694746166,-0.00012207662580402157,8.706193120736075e-05
8.81784364431009,-0.00012162254016486646,8.44504804361452e-05
8.830422593874012,-0.00012114172831637696,8.187751762241326e-05
8.843001543437936,-0.00012063500450223407,7.934289062994634e-05
8.85558049300186,-0.00012010317083458328,7.684643912210779e-05
8.868159442565782,-0.0001195470173447679,7.438799481567949e-05
8.880738392129706,-0.0001189673220365772,7.196738173087552e-05
8.893317341693628,-0.0001183648509419309,6.958441643755315e-05
8.905896291257552,-0.00011774035817892048,6.723890829762988e-05
8.918475240821474,-0.00011709458601213294,6.493065970373611e-05
8.931054190385398,-0.00011642826491517858,6.265946631411102e-05
8.94363313994932,-0.00011574211363535172,6.042511728377247e-05
8.956212089513244,-0.00011503683926034788,5.8227395491971065e-05
8.968791039077166,-0.00011431313728696873,5.6066077765959316e-05
8.98136998864109,-0.0001135716916917407,5.394093510108799e-05
8.993948938205012,-0.00011281317500338088,5.185173287726153e-05
9.006527887768936,-0.00011203824837703847,4.979823107176609e-05
9.01910683733286,-0.00011124756167024745,4.77801844685027e-05
9.031685786896782,-0.00011044175352052212,4.579734286364232e-05
9.044264736460706,-0.00010962145142453076,4.384945126773025e-05
9.056843686024628,-0.0001087872718187852,4.1936250104267815e-05
9.069422635588552,-0.0001079398201617803,4.0057475404789773e-05
9.082001585152474,-0.00010707969101752529,3.8212859000472044e-05
9.094580534716398,-0.00010620746814040252,3.6402128710287506e-05
9.10715948428032,-0.00010532372456129799,3.462500852574526e-05
9.119738433844244,-0.00010442902267494117,3.2881218792232195e-05
9.132317383408166,-0.0001035239143284009,3.11704763869927e-05
9.14489633297209,-0.00010260894091067657,2.9492494893766614e-05
9.157475282536012,-0.00010168463344333412,2.7846984774121434e-05
9.170054232099936,-0.00010075151267212776,2.623365353549991e-05
9.18263318166386,-9.981008915955877e-05,2.465220589601928e-05
9.195212131227782,-9.88608633783157e-05,2.3102343946045622e-05
9.207791080791706,-9.79043258055463e-05,2.1583767306575245e-05
9.220370030355628,-9.694095701791221e-05,2.0096173284455092e-05
9.232948979919552,-9.597122778737428e-05,1.8639257024466816e-05
9.245527929483474,-9.4995599177664e-05,1.7212711658311468e-05
9.258106879047398,-9.401452264139019e-05,1.5816228450518623e-05
9.27068582861132,-9.302844011773881e-05,1.4449496941317228e-05
9.283264778175244,-9.203778413071606e-05,1.3112205086492674e-05
9.295843727739166,-9.104297788789558e-05,1.180403939426745e-05
9.30842267730309,-9.004443537962122e-05,1.0524685059230517e-05
9.321001626867012,-8.904256147862814e-05,9.27382609335276e-06
9.333580576430936,-8.803775204003577e-05,8.05114545411418e-06
9.34615952599486,-8.703039400167681e-05,6.856325169780088e-06
9.358738475558782,-8.602086548471887e-05,5.689046461853522e-06
9.371317425122706,-8.500953589454148e-05,4.548989864737644e-06
9.383896374686628,-8.399676602183216e-05,3.4358353426415553e-06
9.396475324250552,-8.298290814386069e-05,2.3492624037574734e-06
9.409054273814474,-8.196830612590015e-05,1.2889502117463175e-06
9.421633223378398,-8.09532955227548e-05,2.5457769455873797e-07
9.43421217294232,-7.99382036803648e-05,-7.541763493713483e-07
9.446791122506244,-7.892334983744985e-05,-1.7376331475333703e-06
9.459370072070167,-7.790904522716319e-05,-2.696113852310012e-06
9.47194902163409,-7.689559317871981e-05,-3.629939442482822e-06
9.484527971198013,-7.588328921897199e-05,-4.539430627236898e-06
9.497106920761937,-7.487242117389724e-05,-5.424907752636861e-06
9.50968587032586,-7.386326926997369e-05,-6.286690710537879e-06
9.522264819889783,-7.285610623541014e-05,-7.125098849902942e-06
9.534843769453706,-7.185119740120465e-05,-7.94045089049298e-06
9.547422719017629,-7.084880080200531e-05,-8.733064838896761e-06
9.560001668581553,-6.984916727674328e-05,-9.50325790687151e-06
9.572580618145475,-6.885254056901662e-05,-1.0251346431958902e-05
9.585159567709399,-6.785915742719539e-05,-1.097764580034822e-05
9.59773851727332,-6.686924770422779e-05,-1.1682470371951473e-05
9.610317466837245,-6.588303445711948e-05,-1.2366133407662362e-05
9.622896416401167,-6.490073404606738e-05,-1.3028946998764259e-05
9.63547536596509,-6.392255623322112e-05,-1.3671221998459038e-05
9.648054315529013,-6.294870428105496e-05,-1.4293267955482411e-05
9.660633265092937,-6.197937505032483e-05,-1.4895393049777635e-05
9.67321221465686,-6.10147590975942e-05,-1.547790403019379e-05
9.685791164220783,-6.005504077230582e-05,-1.6041106154179957e-05
9.698370113784707,-5.9100398313381545e-05,-1.65853031294437e-05
9.710949063348629,-5.8151003945333094e-05,-1.7110797057542486e-05
9.723528012912553,-5.7207023973862585e-05,-1.7617888379379623e-05
9.736106962476475,-5.626861888093975e-05,-1.810687582257208e-05
9.748685912040399,-5.533594341933481e-05,-1.857805635066243e-05
9.761264861604321,-5.440914670659539e-05,-1.903172511414278e-05
9.773843811168245,-5.348837231844741e-05,-1.946817540326311e-05
9.786422760732167,-5.2573758381609674e-05,-1.9887698602592338e-05
9.799001710296091,-5.166543766600313e-05,-2.0290584147304814e-05
9.811580659860013,-5.076353767634549e-05,-2.0677119481161068e-05
9.824159609423937,-4.986818074311354e-05,-2.104759001615573e-05
9.83673855898786,-4.897948411286451e-05,-2.1402279093802058e-05
9.849317508551783,-4.809756003790091e-05,-2.174146794802592e-05
9.861896458115707,-4.722251586526853e-05,-2.206543566964022e-05
9.874475407679629,-4.635445412507745e-05,-2.2374459172371186e-05
9.887054357243553,-4.549347261813235e-05,-2.2668813160409773e-05
9.899633306807475,-4.463966450286546e-05,-2.2948770097458968e-05
9.912212256371399,-4.379311838155872e-05,-2.3214600177250937e-05
9.924791205935321,-4.2953918385849506e-05,-2.34665712955054e-05
9.937370155499245,-4.2122144261507214e-05,-2.3704949023303372e-05
9.949949105063167,-4.129787145247613e-05,-2.3929996581848343e-05
9.962528054627091,-4.048117118417286e-05,-2.4141974818589356e-05
9.975107004191013,-3.967211054603446e-05,-2.434114218467859e-05
9.987685953754937,-3.887075257330629e-05,-2.452775471373831e-05
10.000264903318861,-3.8077156328066826e-05,-2.4702066001910414e-05
10.012843852882783,-3.72913769794797e-05,-2.4864327189163622e-05
10.025422802446707,-3.651346588326873e-05,-2.50147869418326e-05
10.03800175201063,-3.574347066041119e-05,-2.5153691436363712e-05
10.050580701574553,-3.49814352750415e-05,-2.5281284344243013e-05
10.063159651138475,-3.422740011156399e-05,-2.5397806818081126e-05
10.0757386007024,-3.348140205096687e-05,-2.5503497478831387e-05
10.088317550266321,-3.274347454633675e-05,-2.5598592404116333e-05
10.100896499830245,-3.201364769756659e-05,-2.5683325117639277e-05
10.113475449394167,-3.1291948325257205e-05,-2.575792657965688e-05
10.126054398958091,-3.0578400043805907e-05,-2.582262517848965e-05
10.138633348522013,-2.9873023333682825e-05,-2.5877646723046918e-05
10.151212298085937,-2.917583561288947e-05,-2.5923214436343837e-05
10.163791247649861,-2.8486851307600377e-05,-2.5959548949987307e-05
10.176370197213783,-2.7806081921983758e-05,-2.598686829960888e-05
10.188949146777707,-2.7133536107200702e-05,-2.6005387921222335e-05
10.20152809634163,-2.6469219729582602e-05,-2.601532064848412e-05
10.214107045905553,-2.5813135937983673e-05,-2.6016876710835114e-05
10.226685995469476,-2.5165285230310918e-05,-2.601026373250239e-05
10.2392649450334,-2.4525665519228082e-05,-2.599568673233993e-05
10.251843894597322,-2.3894272197036675e-05,-2.597334812448744e-05
10.264422844161246,-2.3271098199731273e-05,-2.5943447719826845e-05
10.277001793725168,-2.2656134070232402e-05,-2.5906182728216095e-05
10.289580743289092,-2.2049368020794955e-05,-2.586174776148025e-05
10.302159692853014,-2.1450785994595818e-05,-2.5810334837140303e-05
10.314738642416938,-2.0860371726499175e-05,-2.5752133382859902e-05
10.327317591980862,-2.0278106803003478e-05,-2.5687330241591106e-05
10.339896541544784,-1.9703970721369678e-05,-2.5616109677399917e-05
10.352475491108708,-1.913794094793334e-05,-2.5538653381953046e-05
10.36505444067263,-1.8579992975603536e-05,-2.545514048164744e-05
10.377633390236554,-1.8030100380548727e-05,-2.5365747545364198e-05
10.390212339800476,-1.748823487807462e-05,-2.527064859282933e-05
10.4027912893644,-1.6954366377694033e-05,-2.5170015103563112e-05
10.415370238928322,-1.6428463037394156e-05,-2.5064016026401254e-05
10.427949188492246,-1.5910491317101768e-05,-2.4952817789570065e-05
10.440528138056168,-1.5400416031351965e-05,-2.4836584311299274e-05
10.453107087620092,-1.4898200401161427e-05,-2.4715477010955336e-05
10.465686037184014,-1.440380610511207e-05,-2.458965482067929e-05
10.478264986747938,-1.3917193329646455e-05,-2.4459274197512488e-05
10.490843936311862,-1.3438320818580974e-05,-2.432448913599481e-05
10.503422885875784,-1.2967145921839126e-05,-2.418545118121925e-05
10.516001835439708,-1.2503624643409588e-05,-2.404230944232764e-05
10.52858078500363,-1.2047711688534152e-05,-2.3895210606432515e-05
10.541159734567554,-1.1599360510128145e-05,-2.3744298952949715e-05
10.553738684131476,-1.1158523354440006e-05,-2.3589716368327608e-05
10.5663176336954,-1.0725151305952549e-05,-2.343160236115791e-05
10.578896583259322,-1.0299194331532754e-05,-2.32700940776545e-05
10.591475532823246,-9.880601323832975e-06,-2.310532631748554e-05
10.604054482387168,-9.469320143950545e-06,-2.2937431549946027e-05
10.616633431951092,-9.06529766334896e-06,-2.27665399304563e-05
10.629212381515016,-8.668479805047717e-06,-2.259277931737424e-05
10.641791331078938,-8.278811584084628e-06,-2.241627528910729e-05
10.654370280642862,-7.896237147256654e-06,-2.223715116151187e-05
10.666949230206784,-7.520699812145291e-06,-2.205552800556786e-05
10.679528179770708,-7.152142105430713e-06,-2.187152466531505e-05
10.69210712933463,-6.790505800502068e-06,-2.168525777604041e-05
10.704686078898554,-6.435731954367934e-06,-2.149684178270325e-05
10.717265028462476,-6.087760943874467e-06,-2.1306388958587614e-05
10.7298439780264,-5.746532501235505e-06,-2.1114009424169437e-05
10.742422927590322,-5.411985748882165e-06,-2.0919811166188202e-05
10.755001877154246,-5.084059233636459e-06,-2.0723900056911127e-05
10.767580826718168,-4.762690960216508e-06,-2.052637987357996e-05
10.780159776282092,-4.447818424078037e-06,-2.0327352318028932e-05
10.792738725846016,-4.139378643599762e-06,-2.0126917036464286e-05
10.805317675409938,-3.837308191617819e-06,-1.9925171639394497e-05
10.817896624973862,-3.541543226315981e-06,-1.972221172170157e-05
10.830475574537784,-3.252019521478436e-06,-1.951813088284379e-05
10.843054524101708,-2.9686724961104703e-06,-1.9313020747179737e-05
10.85563347366563,-2.6914372434347776e-06,-1.9106970984405055e-05
10.868212423229554,-2.420248559268542e-06,-1.890006933009189e-05
10.880791372793476,-2.155040969789091e-06,-1.8692401606322853e-05
10.8933703223574,-1.895748758693389e-06,-1.848405174240996e-05
10.905949271921322,-1.6423059937591482e-06,-1.8275101795690713e-05
10.918528221485246,-1.3946465528129488e-06,-1.8065631972392102e-05
10.931107171049169,-1.1527041491131339e-06,-1.7855720648555198e-05
10.943686120613092,-9.164123561529598e-07,-1.7645444391011336e-05
10.956265070177016,-6.857046318917284e-07,-1.7434877978403026e-05
10.968844019740938,-4.6051434241968033e-07,-1.722409442224114e-05
10.981422969304862,-2.407747850636784e-07,-1.7013164987991163e-05
10.994001918868785,-2.6419210940649762e-08,-1.680215921618154e-05
11.006580868432708,1.826191530353132e-07,-1.659114494352619e-05
11.01915981799663,3.8640708268455083e-07,-1.6380188324055205e-05
11.031738767560554,5.850113356264147e-07,-1.6169353850245922e-05
11.044317717124477,7.784986308691939e-07,-1.5958704374148735e-05
11.0568966666884,9.669356289196265e-07,-1.574830112850022e-05
11.069475616252323,1.150388912404417e-06,-1.553820374781826e-05
11.082054565816247,1.3289249671979558e-06,-1.5328470289472034e-05
11.094633515380169,1.5026101640487265e-06,-1.5119157254721877e-05
11.107212464944093,1.6715107406985673e-06,-1.4910319609722263e-05
11.119791414508017,1.83569278448736e-06,-1.4702010806483156e-05
11.132370364071939,1.9952222154371327e-06,-1.449428280378345e-05
11.144949313635863,2.1501647698087036e-06,-1.4287186088031508e-05
11.157528263199785,2.30058598412405e-06,-1.408076969406784e-05
11.170107212763709,2.446551179648374e-06,-1.3875081225904133e-05
11.18268616232763,2.588125447324623e-06,-1.3670166877394664e-05
11.195265111891555,2.725373633154609e-06,-1.3466071452834346e-05
11.207844061455477,2.8583603240195403e-06,-1.3262838387479755e-05
11.2204230110194,2.987149833934122e-06,-1.3060509767987702e-05
11.233001960583323,3.1118061907271234e-06,-1.2859126352767908e-05
11.245580910147247,3.23239312314259e-06,-1.2658727592244686e-05
11.258159859711169,3.3489740483546878e-06,-1.245935164902444e-05
11.270738809275093,3.4616120598903763e-06,-1.2261035417964102e-05
11.283317758839017,3.5703699159530213e-06,-1.2063814546137606e-05
11.295896708402939,3.67531002814105e-06,-1.1867723452695964e-05
11.308475657966863,3.776494450555189e-06,-1.1672795348617654e-05
11.321054607530785,3.873984869287903e-06,-1.1479062256346184e-05
11.333633557094709,3.967842592289171e-06,-1.128655502931079e-05
11.346212506658631,4.058128539601991e-06,-1.1095303371327886e-05
11.358791456222555,4.144903233961909e-06,-1.0905335855879372e-05
11.371370405786477,4.22822679175405e-06,-1.0716679945265623e-05
11.383949355350401,4.3081589143219965e-06,-1.0529362009629471e-05
11.396528304914323,4.384758879622099e-06,-1.0343407345849296e-05
11.409107254478247,4.458085534217628e-06,-1.0158840196297683e-05
11.42168620404217,4.528197285606454e-06,-9.975683767464023e-06
11.434265153606093,4.595152094876718e-06,-9.793960248437742e-06
11.446844103170017,4.65900746968432e-06,-9.613690829250658e-06
11.45942305273394,4.719820457546674e-06,-9.434895719075591e-06
11.472002002297863,4.777647639446864e-06,-9.257594164279388e-06
11.484580951861785,4.8325451237424026e-06,-9.081804466328534e-06
11.497159901425709,4.8845685403731566e-06,-8.907543999544861e-06
11.509738850989631,4.933773035362537e-06,-8.734829228710248e-06
11.522317800553555,4.980213265606652e-06,-8.563675726517785e-06
11.534896750117477,5.023943393945669e-06,-8.394098190868566e-06
11.547475699681401,5.065017084512113e-06,-8.22611046201174e-06
11.560054649245323,5.1034874983504824e-06,-8.059725539527128e-06
11.572633598809247,5.139407289303015e-06,-7.894955599148281e-06
11.58521254837317,5.17282860015606e-06,-7.731812009425382e-06
11.597791497937093,5.203803059042006e-06,-7.5703053482260795e-06
11.610370447501017,5.232381776091333e-06,-7.4104454190737934e-06
11.62294939706494,5.258615340329788e-06,-7.25224126732187e-06
11.635528346628863,5.282553816815478e-06,-7.095701196162844e-06
11.648107296192785,5.304246744010793e-06,-6.940832782472108e-06
11.66068624575671,5.323743131384252e-06,-6.787642892484614e-06
11.673265195320631,5.341091457237174e-06,-6.636137697304524e-06
11.685844144884555,5.356339666750392e-06,-6.486322688246424e-06
11.698423094448477,5.369535170246047e-06,-6.338202692008176e-06
11.711002044012401,5.380724841659764e-06,-6.191781885674188e-06
11.723580993576324,5.38995501721835e-06,-6.047063811549258e-06
11.736159943140247,5.397271494318437e-06,-5.904051391821941e-06
11.74873889270417,5.402719530601328e-06,-5.762746943057735e-06
11.761317842268094,5.4063438432195214e-06,-5.623152190521122e-06
11.773896791832017,5.408188608290367e-06,-5.485268282326892e-06
11.78647574139594,5.408297460532358e-06,-5.349095803420034e-06
11.799054690959863,5.406713493079658e-06,-5.2146347893843225e-06
11.811633640523786,5.403479257470485e-06,-5.081884740079699e-06
11.82421259008771,5.39863676380502e-06,-4.9508446331079795e-06
11.836791539651632,5.3922274810686155e-06,-4.821512937107531e-06
11.849370489215556,5.384292337616054e-06,-4.693887624876409e-06
11.861949438779478,5.374871721812745e-06,-4.567966186324702e-06
11.874528388343402,5.364005482828722e-06,-4.443745641255707e-06
11.887107337907324,5.3517329315814314e-06,-4.3212225519767725e-06
11.899686287471248,5.338092841823283e-06,-4.2003930357395045e-06
11.91226523703517,5.323123451370081e-06,-4.081252777010287e-06
11.924844186599094,5.306862463466373e-06,-3.963797039570911e-06
11.937423136163018,5.289347048283983e-06,-3.8480206784503065e-06
11.95000208572694,5.270613844549865e-06,-3.7339181516873992e-06
11.962581035290864,5.250698961299605e-06,-3.6214835319257986e-06
11.975159984854786,5.2296379797529035e-06,-3.5107105178410275e-06
11.98773893441871,5.207465955307371e-06,-3.401592445400474e-06
12.000317883982632,5.184217419647168e-06,-3.2941222989572045e-06
12.012896833546556,5.159926382962852e-06,-3.1882927221777906e-06
12.025475783110478,5.134626336279113e-06,-3.084096028805358e-06
12.038054732674402,5.108350253886856e-06,-2.9815242132580975e-06
12.050633682238324,5.081130595876399e-06,-2.8805689610644913e-06
12.063212631802248,5.052999310768371e-06,-2.781221659135587e-06
12.075791581366172,5.02398783823917e-06,-2.6834734058755943e-06
12.088370530930094,4.994127111937688e-06,-2.587315021131314e-06
12.100949480494018,4.96344756239019e-06,-2.4927370559814386e-06
12.11352843005794,4.931979119990293e-06,-2.3997298023667644e-06
12.126107379621864,4.899751218070899e-06,-2.3082833025619392e-06
12.138686329185786,4.866792796055201e-06,-2.2183873584901207e-06
12.15126527874971,4.833132302683688e-06,-2.1300315408811247e-06
12.163844228313632,4.798797699314394e-06,-2.0432051982745032e-06
12.176423177877556,4.763816463293384e-06,-1.9578974658681825e-06
12.189002127441478,4.728215591392844e-06,-1.8740972742141293e-06
12.201581077005402,4.692021603313847e-06,-1.7917933577617476e-06
12.214160026569324,4.655260545251265e-06,-1.7109742632504864e-06
12.226738976133248,4.617957993518021e-06,-1.6316283579524225e-06
12.239317925697172,4.58013905822619e-06,-1.5537438377663157e-06
12.251896875261094,4.54182838702231e-06,-1.4773087351640161e-06
12.264475824825018,4.503050168874396e-06,-1.4023109269905268e-06
12.27705477438894,4.463828137908274e-06,-1.3287381421190185e-06
12.289633723952864,4.424185577290657e-06,-1.256577968961748e-06
12.302212673516786,4.384145323156765e-06,-1.1858178628384327e-06
12.31479162308071,4.343729768579979e-06,-1.1164451532029993e-06
12.327370572644632,4.302960867581419e-06,-1.0484470507302769e-06
12.339949522208556,4.2618601391770275e-06,-9.818106542635956e-07
12.352528471772478,4.220448671460131e-06,-9.165229576248768e-07
12.365107421336402,4.178747125717153e-06,-8.525708562882038e-07
12.377686370900324,4.136775740574548e-06,-7.899411539184731e-07
12.390265320464248,4.0945543361746956e-06,-7.286205687761495e-07
12.402844270028172,4.052102318378915e-06,-6.685957399897176e-07
12.415423219592094,4.009438682995463e-06,-6.098532336969455e-07
12.428002169156018,3.966582020030645e-06,-5.52379549056385e-07
12.44058111871994,3.923550517961169e-06,-4.961611241305339e-07
12.453160068283864,3.8803619680257585e-06,-4.4118434164180836e-07
12.465739017847786,3.837033768534376e-06,-3.8743553460293555e-07
12.47831796741171,3.793582929193083e-06,-3.3490099182287256e-07
12.490896916975633,3.7500260754429905e-06,-2.8356696328987287e-07
12.503475866539556,3.7063794528113964e-06,-2.3341966543282779e-07
12.516054816103479,3.6626589312736495e-06,-1.84445286262498e-07
12.528633765667402,3.618880009623909e-06,-1.3662999039378383e-07
12.541212715231325,3.575057819853408e-06,-8.995992395064364e-08
12.553791664795249,3.5312071315344777e-06,-4.44212193548243e-08
12.566370614359172,3.4873423562089973e-06,-1.708305061624935e-21
